filename,chroma_stft,rmse,spectral_centroid,spectral_bandwidth,rolloff,zero_crossing_rate,mfcc1,mfcc2,mfcc3,mfcc4,mfcc5,mfcc6,mfcc7,mfcc8,mfcc9,mfcc10,mfcc11,mfcc12,mfcc13,mfcc14,mfcc15,mfcc16,mfcc17,mfcc18,mfcc19,mfcc20,label
output.wav,0.27684417366981506,0.03124214895069599,3269.67035854978,1943.9392170433673,5795.2728271484375,0.24058928313078703,-328.342529296875,30.87000274658203,-88.189208984375,34.807037353515625,-45.59993362426758,23.378128051757812,-13.787233352661133,37.36004638671875,-12.820439338684082,7.690222263336182,-14.89167308807373,-24.678150177001953,11.527831077575684,-27.7239990234375,19.610074996948242,-6.174038410186768,6.300444602966309,-1.841111660003662,-12.744905471801758,-7.705883502960205
