filename,chroma_stft,rmse,spectral_centroid,spectral_bandwidth,rolloff,zero_crossing_rate,mfcc1,mfcc2,mfcc3,mfcc4,mfcc5,mfcc6,mfcc7,mfcc8,mfcc9,mfcc10,mfcc11,mfcc12,mfcc13,mfcc14,mfcc15,mfcc16,mfcc17,mfcc18,mfcc19,mfcc20,label
output.wav,0.6909692883491516,0.0026350116822868586,2794.8721301119185,1798.268677931751,5033.4360758463545,0.22123661747685186,-434.82464599609375,100.77734375,-111.27538299560547,64.01703643798828,-51.11296463012695,48.12092208862305,-34.60440444946289,12.97382926940918,-10.646685600280762,3.119879722595215,10.547831535339355,-9.282580375671387,7.04836368560791,-12.892277717590332,1.849678874015808,-13.883818626403809,-0.9220872521400452,-5.550098896026611,-5.513218402862549,-2.7793619632720947
